tokens,caracteres,palabras_unicas
101,577,33
145,922,55
69,407,41
82,463,13
31,203,15
89,598,73
72,455,38
53,294,29
76,459,36
61,382,30
51,305,21
124,844,66
176,1168,77
55,292,24
31,187,20
50,328,30
2,10,2
117,734,75
47,297,28
59,336,23
44,249,36
130,879,45
44,245,15
60,363,37
67,397,42
47,325,24
121,719,39
92,509,33
35,189,15
58,340,35
36,196,23
43,248,35
62,340,46
153,867,30
171,1196,68
42,232,25
170,1045,142
14,77,8
11,68,9
80,499,59
20,123,18
87,520,17
70,385,31
76,512,71
75,474,45
51,315,25
18,103,11
82,503,37
45,274,35
66,384,30
37,219,31
56,363,26
162,1105,72
57,330,47
197,1292,107
84,567,57
123,704,45
1,6,1
87,536,63
178,1333,71
58,350,34
57,326,50
53,323,19
111,667,69
132,774,66
61,329,33
86,535,50
74,428,41
59,373,36
36,248,18
91,556,59
48,285,17
28,150,17
37,213,20
55,382,30
193,1196,105
68,414,39
30,167,18
157,983,67
43,254,31
59,382,38
129,761,48
46,272,34
50,310,33
46,260,22
48,294,30
63,361,46
108,616,41
76,469,38
91,558,69
30,184,28
32,188,18
132,757,84
56,331,29
53,281,20
22,121,15
47,298,29
104,601,68
39,242,17
47,312,33
46,298,21
87,530,45
47,270,22
87,522,36
63,354,30
66,433,28
154,1003,116
60,376,33
36,197,26
178,1279,166
23,148,11
64,396,43
31,183,18
108,647,28
55,343,47
54,324,23
116,671,42
41,221,19
67,412,52
40,226,29
72,427,47
39,221,27
114,671,60
36,220,28
73,444,42
102,628,65
90,511,46
43,240,21
76,439,32
58,365,48
92,570,34
53,296,32
23,137,17
96,561,33
68,411,36
174,1142,144
145,828,40
178,1143,138
28,182,9
43,248,23
47,303,35
32,179,20
47,279,27
91,602,84
61,405,25
10,64,9
180,1103,88
89,526,41
85,641,48
111,759,38
42,274,32
119,718,27
54,295,27
174,1044,51
95,566,46
44,256,24
140,852,68
25,132,17
58,356,17
23,145,15
37,222,24
58,344,47
94,557,20
19,109,15
38,216,21
105,660,82
83,582,42
74,492,46
49,295,20
98,599,60
102,556,54
86,540,53
42,256,39
36,251,14
116,741,43
32,195,27
60,370,47
50,304,33
95,579,48
60,435,27
77,462,37
94,553,59
62,390,37
44,233,16
97,704,29
102,585,43
35,197,26
86,538,64
74,426,31
131,785,37
42,247,23
35,205,10
48,273,38
71,372,33
30,200,26
45,251,23
14,83,4
61,399,49
59,344,34
71,449,51
88,521,58
83,447,48
59,333,29
35,237,26
111,747,88
25,175,21
53,338,27
102,642,42
64,257,12
121,692,81
51,309,21
54,367,35
37,251,10
134,843,57
153,951,98
116,805,87
122,767,74
90,538,40
137,871,88
84,457,42
60,356,25
28,204,19
49,280,33
129,685,37
43,246,20
56,329,23
27,147,24
50,289,21
190,1096,123
89,571,58
62,385,14
58,384,34
34,195,17
91,467,15
48,330,30
41,245,34
17,94,8
80,496,69
100,645,59
56,308,19
117,742,75
65,379,33
13,68,10
73,403,26
155,814,30
76,451,54
95,524,29
86,501,42
86,496,48
83,510,38
76,469,58
115,691,63
192,1168,102
61,344,31
84,504,48
53,316,40
68,397,48
66,416,28
34,201,21
88,614,27
126,972,28
82,447,20
26,138,10
36,221,17
75,476,31
30,176,14
22,130,6
76,453,69
25,153,13
45,289,24
155,952,42
87,536,17
89,503,25
45,293,30
86,474,42
46,255,16
24,144,15
44,259,18
25,143,14
119,806,34
126,789,103
105,649,45
64,375,31
37,210,19
137,861,90
84,693,27
104,660,29
46,234,16
174,1160,59
65,420,50
94,588,33
68,412,30
69,409,44
19,118,12
39,224,27
72,434,38
25,144,25
81,518,35
27,168,21
67,375,16
115,704,57
78,536,65
81,511,29
174,1280,81
23,128,19
56,303,31
195,1147,83
150,902,77
107,633,49
20,132,17
1,7,1
52,342,26
57,365,35
7,38,6
46,267,22
142,912,37
66,367,43
44,317,17
28,174,16
57,369,42
133,775,55
55,304,18
116,691,41
86,521,35
72,482,37
114,639,38
39,239,18
72,424,41
48,317,19
103,631,46
88,483,35
36,219,23
58,360,47
112,714,63
199,1308,77
32,167,25
118,815,88
86,520,32
28,165,10
56,373,18
42,240,31
78,473,56
30,203,29
26,137,11
40,229,10
39,223,28
135,825,54
26,166,19
56,344,24
55,289,31
62,358,32
44,261,21
100,633,67
52,305,20
52,337,26
82,459,31
89,516,50
194,1212,149
18,93,11
41,242,30
49,276,23
141,875,55
56,330,39
67,394,41
77,443,30
88,548,70
105,663,74
47,274,24
6,33,6
99,580,55
81,471,22
97,633,48
59,381,36
21,122,18
78,505,32
90,612,56
54,336,27
26,149,10
34,192,30
110,651,15
85,498,22
28,163,23
77,467,22
109,598,40
53,298,25
28,183,23
127,949,73
45,242,38
46,324,35
49,308,8
29,194,20
32,191,27
89,561,46
63,373,27
21,139,17
70,394,44
76,451,41
35,208,28
43,259,34
76,448,48
164,1057,128
38,219,33
122,801,29
39,288,14
53,270,7
32,186,13
33,218,10
72,503,48
35,212,30
199,1353,127
65,382,37
67,450,28
108,580,51
82,509,46
34,221,23
54,326,39
80,423,21
30,198,22
94,604,33
32,174,20
57,358,48
32,195,26
36,198,24
34,212,10
43,294,10
70,386,20
47,294,14
62,334,32
49,312,25
42,258,33
76,427,52
47,281,22
51,332,29
179,1112,137
36,195,31
198,1318,133
107,683,84
19,138,19
37,205,32
18,98,13
129,728,62
80,466,38
49,267,31
63,404,37
29,165,12
91,550,25
66,381,20
9,61,9
171,1043,129
47,293,40
37,219,20
22,151,21
111,725,97
112,727,30
49,320,35
79,493,42
170,1049,82
44,322,32
168,1009,97
71,428,34
24,140,17
28,135,16
46,271,32
32,204,20
170,1002,71
17,125,16
159,1030,63
66,412,47
143,838,68
99,600,56
64,371,19
109,598,51
124,797,51
61,367,54
77,455,57
56,380,6
27,174,15
150,890,105
71,484,44
18,96,17
41,241,19
51,281,27
163,1041,137
85,501,30
133,813,80
93,541,18
90,520,38
134,856,114
165,999,96
48,289,37
24,178,21
89,517,41
20,106,14
19,118,15
37,195,14
37,214,23
25,151,12
53,275,16
29,158,19
190,1225,142
61,353,24
83,482,72
59,335,40
74,427,33
34,202,17
58,362,21
135,801,57
33,184,21
116,690,43
100,592,48
185,1241,110
98,516,30
58,327,25
119,690,27
108,592,34
39,231,31
90,591,57
59,366,27
6,42,6
72,410,17
41,232,20
80,474,43
30,180,14
86,493,41
32,193,24
182,1088,137
48,277,20
10,50,9
57,365,53
35,211,32
120,729,53
170,1022,124
61,346,33
118,695,16
47,248,31
32,211,15
130,846,53
28,161,14
78,477,65
69,526,56
66,384,40
34,218,23
49,298,34
84,567,43
15,84,9
32,191,21
69,401,44
58,355,23
63,463,58
50,318,34
55,345,48
34,209,17
55,336,22
25,133,16
71,484,18
95,522,36
117,696,56
102,588,38
34,210,23
24,141,16
110,656,48
163,957,101
16,89,12
73,416,43
26,155,24
46,277,23
53,325,32
25,139,21
17,91,15
57,325,33
50,318,37
45,246,17
113,677,48
28,177,18
120,709,49
97,627,48
76,494,40
46,249,18
155,941,70
4,19,4
88,521,55
171,1044,60
91,602,46
32,184,28
34,202,17
11,70,8
48,284,25
147,784,34
52,316,18
35,200,21
40,246,25
69,403,34
186,1110,137
133,778,92
67,406,30
35,234,18
53,332,33
73,453,53
53,342,51
79,490,28
70,425,30
36,203,23
63,374,37
88,526,39
47,266,25
22,142,9
23,136,14
131,808,81
56,316,37
89,558,35
86,550,76
45,258,40
9,53,6
179,1131,88
112,698,28
83,551,39
70,484,33
83,528,25
47,283,37
30,166,17
37,202,17
71,422,41
83,497,21
48,289,37
91,539,42
32,220,22
187,1119,108
79,513,44
59,374,33
75,417,44
62,423,60
138,853,61
135,977,27
197,1178,125
26,147,23
41,246,26
60,372,29
15,92,13
60,338,27
50,276,28
80,528,21
35,243,28
48,295,32
48,344,31
42,221,30
62,340,32
24,132,14
92,520,38
39,232,31
67,365,32
17,98,11
73,417,44
158,999,117
158,958,87
34,221,30
127,699,37
44,268,32
26,152,26
83,524,22
139,792,59
64,401,49
110,671,50
75,504,30
87,560,51
23,120,15
76,516,66
37,218,9
52,303,28
53,277,38
107,586,59
66,394,24
108,591,57
148,899,65
37,231,32
102,570,41
47,317,8
53,329,13
34,183,17
122,685,52
124,767,33
27,167,25
59,358,25
147,871,85
73,430,19
40,227,22
138,764,47
32,191,20
34,186,14
56,333,40
67,448,52
77,476,44
52,317,28
24,152,18
108,703,50
96,554,36
32,189,23
70,440,35
61,355,31
61,351,31
86,535,49
53,383,26
46,271,25
64,430,26
30,162,23
47,310,30
39,292,29
57,320,20
54,324,41
66,394,32
113,649,41
56,360,25
53,315,34
69,494,27
54,298,24
134,801,72
46,268,20
45,319,36
28,165,18
87,524,50
52,284,33
41,273,27
27,161,19
46,262,21
107,569,29
90,530,48
146,874,66
67,388,27
180,1145,148
40,225,19
58,352,27
65,427,56
38,224,33
37,221,29
116,717,65
96,629,88
64,391,48
26,142,22
57,361,28
88,511,42
93,540,58
68,433,24
112,645,53
33,204,28
39,262,24
44,271,15
84,481,57
28,188,15
90,535,48
42,249,27
80,528,58
46,318,20
138,823,93
12,64,12
27,172,26
34,214,13
61,349,32
23,125,12
68,421,38
84,581,40
8,44,5
67,439,48
21,125,13
189,1226,156
26,169,13
130,748,47
26,161,19
63,359,26
124,912,104
191,1153,102
53,336,26
195,1213,119
61,382,37
57,333,44
102,577,57
30,164,21
52,317,35
176,1142,90
58,350,39
23,156,18
57,375,21
69,397,36
141,802,71
67,388,44
37,220,23
60,356,48
36,199,14
29,139,12
60,348,30
199,1214,127
129,725,31
187,1097,132
96,657,32
70,437,22
105,540,23
89,562,27
169,1143,95
58,326,25
70,398,32
72,447,59
35,202,19
168,1038,125
74,481,50
152,914,100
120,841,57
62,393,40
45,291,24
83,563,47
161,923,86
67,421,42
45,239,31
61,386,33
89,565,65
51,357,48
8,52,6
127,844,76
46,264,34
20,110,13
83,525,61
63,352,35
23,139,19
54,304,34
185,1168,102
86,533,63
52,318,33
33,190,24
32,152,11
51,309,39
62,352,29
33,187,27
198,1304,147
67,408,43
28,170,23
72,439,54
107,679,65
70,390,31
93,568,36
128,774,58
26,152,15
75,446,37
24,161,18
183,1189,167
69,403,31
63,411,56
66,440,38
65,401,25
177,1217,135
19,132,14
56,339,50
19,108,11
117,674,62
50,266,23
182,1069,122
79,491,42
49,270,26
137,813,46
63,412,38
26,142,17
86,511,59
63,419,31
51,304,35
9,53,9
68,443,32
34,197,27
75,421,37
73,423,39
54,284,29
42,243,32
38,227,31
150,871,35
76,550,51
52,279,25
73,459,29
41,258,27
25,135,17
55,260,21
77,428,26
53,304,35
61,384,25
85,513,56
41,243,18
22,132,14
24,155,23
44,255,24
76,472,29
116,800,82
43,235,30
67,378,43
56,314,34
113,662,17
42,274,33
71,372,17
54,307,20
116,701,63
81,489,28
51,295,30
66,417,47
51,306,21
68,404,23
82,520,47
29,174,23
39,224,18
141,904,59
52,306,28
177,1131,130
29,188,24
31,165,16
47,297,38
103,626,65
62,386,27
11,62,9
125,792,87
35,245,21
27,167,24
46,273,31
81,473,65
13,73,11
68,442,32
79,496,28
72,499,17
17,96,17
60,379,34
70,408,30
104,653,52
28,201,8
53,346,36
90,515,32
26,148,24
177,1213,123
37,227,14
129,841,88
28,171,24
73,420,40
69,388,44
58,310,27
86,507,40
87,477,22
49,307,26
57,372,42
80,445,27
194,1167,117
37,218,27
43,296,26
91,507,31
60,353,42
67,389,60
160,977,102
67,389,28
8,48,5
37,261,28
43,243,37
92,626,62
72,416,37
52,369,30
73,436,26
178,1093,157
28,179,26
39,248,25
39,266,39
52,350,24
52,349,38
128,669,14
33,186,20
76,464,44
31,183,29
46,284,23
60,461,41
54,327,51
192,1172,149
73,448,45
75,434,32
50,279,20
159,941,56
96,534,40
117,698,53
48,302,25
115,643,34
66,388,52
195,1336,152
59,365,48
146,865,72
48,284,27
36,221,18
79,501,22
20,110,17
79,516,47
49,306,39
60,351,26
32,217,22
23,138,15
52,300,47
65,406,38
29,208,20
76,476,49
110,675,50
198,1264,129
69,431,45
21,135,20
51,283,24
50,330,26
42,282,23
70,412,49
75,390,29
74,407,14
163,990,76
3,13,3
43,250,34
30,180,20
100,578,43
38,226,19
97,610,82
72,442,38
77,455,60
31,177,27
48,276,17
60,342,19
20,127,15
49,312,16
81,501,52
70,460,43
87,543,39
75,475,11
71,417,60
24,143,22
95,640,47
60,361,18
36,225,20
133,948,45
50,336,24
33,209,29
39,221,29
49,305,26
39,216,19
54,320,31
95,593,46
91,572,28
59,336,27
163,1017,98
24,164,19
136,886,42
54,313,28
189,1220,112
37,262,31
31,184,21
151,951,95
53,316,23
68,439,42
179,1128,111
199,1169,108
56,307,16
32,236,14
64,361,23
47,288,37
72,413,31
32,183,30
72,461,64
56,350,28
84,498,42
28,169,25
131,844,42
93,558,75
80,502,57
95,566,52
57,426,16
25,143,22
23,130,12
46,267,25
60,365,22
80,493,49
35,208,27
189,1206,87
100,578,36
73,471,60
82,472,58
52,350,45
149,965,83
66,408,57
24,148,13
88,527,48
30,189,24
41,235,25
58,331,42
18,101,11
25,155,19
47,264,10
58,347,54
35,251,23
55,326,34
15,106,15
60,378,26
45,275,34
117,737,79
75,503,38
37,212,22
39,236,36
24,151,15
53,281,29
3,16,3
188,1078,65
35,259,25
33,208,24
71,388,50
195,1307,144
188,1206,110
75,507,66
86,537,58
24,136,18
73,469,64
83,476,27
52,354,46
33,186,25
71,420,43
149,912,131
76,462,55
23,155,19
78,583,31
90,564,39
57,374,40
42,275,33
93,542,37
101,630,46
169,1110,146
58,315,13
97,545,44
39,235,21
72,510,66
55,362,40
87,525,46
59,352,38
110,703,98
111,649,62
21,125,20
69,376,35
49,317,33
61,322,39
90,532,54
72,657,31
18,110,13
43,271,28
196,1168,113
198,1192,137
30,169,26
61,423,42
57,315,15
36,233,34
88,586,41
74,415,8
34,205,15
61,383,35
71,439,32
25,158,20
48,279,34
42,248,22
24,150,14
42,240,34
31,203,19
89,546,57
182,1100,121
59,375,37
79,501,21
27,161,13
20,134,16
155,1217,127
70,411,51
54,320,31
111,705,49
77,474,26
38,217,23
89,608,36
91,538,18
12,63,6
44,247,15
27,182,19
45,281,28
79,457,41
75,447,22
78,437,33
81,444,35
85,548,41
171,1077,62
25,155,16
31,192,29
117,717,53
94,588,60
36,215,21
33,200,25
52,329,31
93,568,56
59,312,12
50,292,44
65,389,37
78,507,51
110,573,54
18,108,16
59,377,38
87,558,50
61,468,45
49,272,17
150,1017,85
191,1318,85
24,142,24
37,236,10
66,453,41
63,452,58
39,241,16
43,250,20
57,341,42
78,478,32
90,543,59
111,812,66
189,1565,180
62,364,27
48,303,29
149,829,36
32,222,26
64,395,27
27,138,17
32,201,15
97,648,76
95,563,65
48,282,25
59,372,41
50,291,43
42,231,9
187,1215,133
175,1082,66
91,563,61
79,456,31
54,300,35
47,341,36
94,550,49
45,293,21
72,452,49
44,287,32
71,395,34
37,211,35
72,516,33
132,828,76
126,812,79
109,638,44
60,334,34
28,185,21
32,209,28
36,187,17
116,810,38
73,449,31
50,302,35
86,526,70
52,322,28
42,247,27
30,193,23
156,1011,92
183,1038,72
168,1039,128
124,731,44
46,327,27
114,646,41
44,282,30
70,410,59
59,346,46
59,416,25
34,202,28
107,669,69
65,366,34
49,323,42
102,646,69
39,227,21
55,314,34
43,255,40
88,533,51
33,192,19
115,656,71
64,419,28
80,448,55
156,937,96
83,487,28
40,239,33
46,252,31
61,350,50
67,405,24
71,411,41
27,179,15
61,368,50
77,482,31
65,389,31
131,811,54
102,818,88
47,271,25
55,346,52
43,219,25
61,358,22
160,1074,110
10,64,9
26,238,11
94,593,67
55,309,41
170,1051,65
95,600,21
29,163,14
108,597,48
32,182,22
58,313,39
32,200,14
71,386,29
46,294,28
66,391,32
25,147,22
100,682,46
51,300,28
63,386,25
52,246,21
27,169,24
124,772,74
29,159,19
60,337,31
192,1157,121
49,284,28
92,547,66
97,650,33
75,479,39
62,348,54
66,389,26
46,252,18
50,271,30
97,565,45
40,260,19
60,400,28
91,591,84
122,902,37
99,679,68
179,1070,57
44,281,20
48,293,30
39,248,23
130,779,42
110,680,62
60,360,30
32,192,25
17,125,8
71,470,34
33,180,26
59,399,30
44,243,21
51,323,35
100,624,86
56,330,40
33,217,21
50,318,24
50,302,42
45,240,24
22,119,19
76,475,23
31,185,21
51,312,41
38,254,29
15,92,14
60,434,53
166,1060,90
43,257,23
78,477,28
41,251,21
52,328,37
47,247,20
78,454,53
41,267,23
199,1204,127
55,367,28
76,426,37
174,1093,130
56,352,31
115,626,29
141,936,92
74,390,36
37,260,27
92,593,48
31,180,24
36,170,16
35,214,23
57,346,30
56,314,23
56,360,39
77,490,72
100,638,60
150,993,98
49,290,26
73,420,35
111,619,38
98,590,54
37,214,26
17,106,13
24,132,12
83,478,37
181,1073,68
15,91,15
104,644,70
73,412,29
37,220,27
113,767,41
105,683,41
144,899,87
117,671,40
85,564,42
77,507,43
109,699,64
92,679,41
56,312,25
124,737,86
55,400,35
45,327,29
33,191,29
135,818,112
72,434,43
83,495,48
34,213,22
27,156,16
33,168,13
54,313,28
31,174,26
55,335,38
35,222,33
54,316,35
69,383,34
57,358,28
70,402,38
39,211,9
34,211,14
29,152,17
54,331,31
118,784,47
42,235,26
52,311,13
72,441,52
57,320,21
123,751,80
71,461,25
163,1083,126
54,329,35
33,194,31
143,851,85
69,426,34
45,262,36
107,610,33
96,554,56
39,230,24
25,165,24
80,517,29
24,139,12
80,482,47
11,68,11
36,189,19
84,524,58
55,288,19
60,335,40
121,704,69
103,579,38
99,664,34
63,420,55
129,733,38
31,193,25
22,138,16
83,451,18
176,982,68
177,1044,73
110,729,92
25,191,24
55,324,50
56,394,34
57,363,42
112,646,45
21,133,19
190,1144,122
29,163,18
80,475,39
42,286,24
81,470,38
45,318,26
183,1277,168
72,406,38
129,857,106
77,458,27
33,169,18
37,244,23
64,412,31
59,350,26
76,574,43
55,331,31
28,150,16
104,648,29
69,409,20
51,322,11
126,731,24
42,259,24
35,188,20
85,499,27
82,563,71
50,315,18
134,782,72
30,169,25
119,718,45
121,703,82
55,309,25
55,310,27
98,637,37
34,196,15
91,586,34
94,583,51
157,913,72
33,194,7
45,255,15
34,203,28
64,402,58
24,157,18
70,401,41
48,292,30
79,482,49
43,311,42
84,513,30
52,285,16
71,422,23
74,418,46
41,263,36
34,237,19
170,1292,116
46,333,21
36,203,20
14,104,11
90,528,38
45,271,21
49,279,19
45,246,16
105,786,49
1,4,1
31,211,18
37,189,12
65,379,29
84,465,25
171,1041,121
99,620,91
31,254,26
94,550,40
66,381,50
60,327,29
62,394,39
50,309,27
78,512,37
77,433,56
36,221,33
66,419,33
161,876,66
61,353,42
60,375,42
60,422,31
28,186,20
71,422,42
117,684,66
171,1014,76
23,136,20
16,93,12
40,253,31
22,153,7
46,276,28
40,230,21
47,260,32
109,665,29
132,803,57
167,1025,113
30,219,21
68,390,43
46,277,25
119,769,54
51,287,45
93,633,50
119,759,93
80,500,50
88,471,11
60,355,39
83,474,46
45,229,12
44,290,35
64,427,59
50,330,37
111,697,77
149,871,33
46,295,39
76,416,32
71,406,40
191,1178,147
105,652,53
188,1191,153
22,137,22
59,316,22
28,189,15
74,416,34
186,1070,56
42,292,12
137,827,111
25,140,22
72,512,47
14,79,13
130,804,101
50,284,31
118,756,78
30,187,25
41,254,36
56,374,25
66,404,40
114,688,55
31,178,21
103,635,61
171,1099,100
94,561,77
65,402,18
183,1142,74
32,180,25
77,468,39
66,395,30
59,361,21
71,387,33
71,405,23
55,313,36
93,554,45
47,263,33
71,412,47
62,397,33
79,498,50
57,361,23
179,1085,146
16,112,11
51,294,28
59,352,32
76,460,44
19,101,16
39,204,31
26,135,6
160,973,57
52,349,31
18,109,9
44,244,29
185,1089,99
106,680,54
51,338,33
180,1106,122
57,424,36
24,151,22
45,291,32
23,131,19
72,435,30
36,206,28
60,374,33
38,227,18
90,548,41
14,88,10
112,714,43
80,526,49
63,372,45
137,890,71
49,276,26
198,1315,95
127,900,113
16,96,11
66,362,27
43,251,26
47,271,36
59,363,20
81,498,34
58,328,33
95,536,46
55,321,29
76,433,41
112,643,35
68,425,44
43,249,29
35,225,19
49,275,24
63,425,21
33,206,23
119,703,48
8,47,7
63,362,47
80,553,37
106,637,48
52,315,25
101,580,50
124,755,96
64,369,30
75,514,44
11,76,8
23,148,10
44,314,33
20,116,17
60,412,45
42,279,20
40,239,23
46,262,32
62,380,41
44,319,21
192,1306,171
162,1014,122
165,1019,118
64,374,35
85,575,42
99,569,44
21,123,15
45,295,42
139,928,84
111,699,89
117,740,55
164,1111,147
96,607,44
22,152,17
16,98,12
81,522,44
75,525,43
34,196,31
73,431,34
62,346,26
50,280,36
31,190,22
17,99,16
179,1107,88
69,404,47
55,336,36
77,470,35
81,492,35
78,470,45
26,140,11
23,145,14
44,279,26
95,609,72
129,840,77
65,371,41
152,924,53
68,397,31
25,164,11
112,667,66
152,1001,67
169,992,129
27,180,24
139,764,43
80,475,66
65,344,20
62,368,23
64,407,31
52,315,22
45,259,34
32,217,25
54,325,28
63,417,39
77,489,54
25,142,17
142,859,88
183,1197,128
34,219,8
51,328,37
70,494,38
39,228,19
34,205,21
20,135,12
25,140,18
72,451,27
141,832,31
60,381,37
48,308,21
63,387,37
45,261,26
34,202,33
129,795,86
85,537,52
43,255,30
149,1051,43
55,311,17
25,137,19
71,516,38
36,208,27
105,619,53
4,32,4
63,379,57
115,588,44
67,440,42
21,121,19
98,625,43
143,819,108
40,235,27
48,277,38
78,454,47
56,329,14
53,356,26
194,1164,51
145,945,109
55,329,49
180,1108,52
40,253,17
61,330,18
52,293,12
75,480,53
74,476,54
83,528,43
51,292,17
87,536,73
84,561,81
92,531,46
116,716,51
68,423,56
85,483,24
41,238,22
69,394,25
46,267,11
40,228,30
68,418,44
60,406,32
55,319,34
59,331,39
148,845,76
108,618,48
48,297,29
86,525,46
79,496,38
57,349,44
153,954,59
35,228,17
99,609,51
85,565,30
105,601,37
56,358,45
55,347,34
15,99,12
42,281,12
118,712,50
62,360,29
50,324,42
62,398,36
179,1062,130
157,914,66
52,310,30
65,364,26
25,158,15
139,843,52
34,190,26
55,329,24
76,490,43
145,922,65
77,468,35
93,550,56
78,457,43
83,514,46
107,670,56
74,439,58
142,895,103
40,272,25
174,1003,88
119,689,76
72,431,45
31,167,10
20,122,11
44,263,37
91,576,24
144,1025,93
107,636,43
35,218,19
38,217,19
162,918,58
45,268,24
63,375,23
105,539,44
182,1168,115
65,430,47
31,177,14
45,299,32
73,452,60
119,773,80
112,730,72
81,472,46
70,459,64
170,990,101
184,1136,136
108,663,65
54,323,20
48,289,34
107,627,77
105,680,77
34,205,16
61,351,48
43,269,36
59,330,39
18,108,14
64,381,34
104,630,65
39,226,19
41,248,31
89,627,31
64,418,29
58,362,42
49,263,16
76,474,49
83,506,37
108,648,89
72,411,40
119,726,97
122,731,77
95,570,70
89,506,30
69,406,43
31,194,21
47,274,25
70,436,48
39,264,36
47,291,33
82,539,45
147,895,70
81,479,36
93,569,45
52,296,27
60,368,39
64,408,35
124,709,35
40,234,29
34,210,20
139,827,44
37,216,19
131,880,43
48,307,20
90,521,36
74,463,36
112,719,91
52,310,21
87,506,44
96,538,61
57,399,40
70,537,55
65,428,48
47,278,45
29,177,22
35,191,14
25,164,19
87,527,46
99,646,26
79,512,70
122,798,68
34,213,18
68,409,47
43,268,13
46,314,30
55,348,23
59,428,53
168,1019,125
77,457,47
53,325,29
149,929,104
75,506,54
46,328,31
80,530,44
105,616,37
60,454,20
98,616,49
102,595,60
55,335,44
72,467,53
102,601,79
48,260,34
88,579,70
25,151,14
60,382,33
53,304,27
92,509,31
67,378,38
57,295,29
44,276,27
121,747,32
33,201,26
62,357,43
84,478,6
89,577,75
43,269,29
39,245,34
28,160,24
73,463,59
195,1150,99
65,370,34
39,221,22
115,706,59
24,146,19
32,194,19
69,437,35
34,191,29
97,551,47
48,271,23
53,298,30
36,215,28
43,260,36
104,648,89
82,513,53
57,339,31
71,437,31
14,86,12
12,72,9
76,444,44
65,377,41
146,884,66
82,499,45
21,121,17
145,763,75
105,679,31
37,225,20
38,248,32
44,264,20
66,412,43
57,317,31
53,278,14
71,403,39
135,875,55
193,1239,157
106,612,71
107,665,73
67,419,57
57,358,34
82,460,24
36,200,28
48,251,15
130,839,116
101,609,53
27,183,16
34,209,28
48,325,18
81,497,48
54,286,12
114,723,50
78,450,40
90,484,43
140,849,103
66,440,36
52,309,24
44,247,24
49,303,34
22,143,17
58,347,30
67,409,32
27,161,23
121,747,60
131,802,36
83,465,41
163,972,75
141,816,81
26,152,21
35,248,27
41,306,26
26,160,24
79,461,27
78,453,60
195,1175,127
26,159,17
124,739,29
82,573,69
72,415,37
33,184,28
29,172,14
70,397,15
118,671,57
33,208,30
67,388,37
112,628,34
73,399,33
170,1066,70
46,267,33
30,167,13
69,428,47
88,473,23
103,656,88
128,818,39
127,900,59
51,291,36
65,429,33
66,399,38
68,404,33
149,899,37
43,271,33
38,226,25
79,426,20
54,258,14
44,260,17
23,139,12
77,560,44
60,343,27
53,314,33
27,163,25
199,1327,168
143,819,50
117,605,27
55,324,31
45,295,21
76,477,33
92,575,79
45,254,29
16,90,14
165,1030,43
46,240,22
147,973,48
21,123,15
22,130,15
47,273,11
72,414,40
32,191,19
93,528,62
57,334,20
38,241,36
192,1224,136
101,652,65
30,175,23
87,522,47
103,621,64
62,423,60
110,697,83
26,163,13
118,655,41
67,439,36
126,795,89
105,628,62
52,330,26
71,381,34
178,1034,37
60,412,47
79,486,53
61,399,46
95,592,35
91,574,74
39,225,26
114,828,100
59,356,45
80,490,43
141,849,67
175,1162,152
15,83,14
43,263,22
43,241,25
29,166,20
124,711,45
58,336,31
33,196,23
60,387,36
102,603,53
119,718,95
55,353,34
153,759,43
55,351,32
39,297,37
57,368,30
71,451,48
81,469,54
52,307,23
153,918,96
79,516,47
195,1285,170
80,451,46
68,486,51
87,526,73
170,1027,52
39,216,31
36,231,31
68,357,26
50,347,22
115,724,61
41,263,23
18,120,16
45,238,26
25,143,19
66,396,47
36,205,30
29,178,20
67,419,33
73,424,51
24,139,21
98,586,51
45,269,18
42,261,26
114,786,45
92,565,59
117,722,54
84,525,56
75,439,33
97,603,52
103,570,38
96,710,91
129,929,49
38,215,13
100,622,77
64,406,45
116,689,82
144,862,94
48,300,35
66,413,39
93,522,43
144,858,42
59,341,33
27,156,17
88,496,36
35,220,27
164,1033,119
61,328,30
20,124,15
59,363,43
70,406,43
36,237,30
83,452,32
111,737,78
187,1177,99
107,627,32
47,302,8
68,455,23
122,779,108
52,309,23
57,362,27
4,31,1
177,1175,108
146,873,102
88,528,35
98,583,51
103,601,42
66,385,25
107,742,28
76,478,38
51,286,31
108,732,94
44,266,24
80,486,22
53,356,37
61,365,54
49,277,4
93,540,56
169,1048,83
79,456,56
132,785,50
50,284,22
62,373,34
97,621,40
99,551,36
30,172,21
78,534,28
37,232,28
86,519,51
132,753,94
62,436,20
45,267,21
134,748,41
67,400,42
27,150,23
120,793,74
29,170,16
45,278,25
46,300,15
74,422,27
50,275,18
64,390,24
55,383,37
19,121,12
70,420,29
127,683,23
110,619,44
74,467,33
82,472,38
88,497,41
65,386,33
45,245,32
68,385,36
112,726,52
36,204,21
31,183,27
45,252,15
63,370,40
69,413,29
165,1042,131
46,287,30
33,170,14
56,309,21
77,519,51
57,296,22
58,350,41
73,427,28
20,121,14
88,562,55
37,213,27
62,336,34
162,925,52
156,869,94
12,65,2
77,453,28
133,938,32
65,368,29
39,223,19
57,361,41
47,282,8
60,345,40
58,318,30
146,862,64
35,228,33
117,689,83
110,657,62
45,256,23
66,416,49
123,714,47
29,189,17
129,791,83
62,362,45
110,660,38
36,223,35
46,291,33
40,236,19
53,296,19
110,669,42
54,330,30
52,316,30
84,513,59
62,381,54
45,287,27
108,733,93
54,347,38
86,561,35
97,541,45
169,1009,92
64,412,38
132,797,72
102,681,85
57,386,55
69,387,28
77,381,19
56,316,22
24,142,22
54,289,17
104,635,43
32,203,17
48,262,21
42,286,33
98,632,44
39,218,27
78,455,56
134,797,81
120,777,52
30,180,26
31,182,27
67,418,61
46,270,23
101,609,50
60,414,45
26,141,24
51,332,45
25,150,22
123,760,77
31,167,18
84,570,57
82,462,35
30,188,20
82,494,9
57,327,32
51,418,30
45,256,34
139,806,95
90,531,67
62,363,16
61,350,33
61,365,55
42,276,23
43,264,41
78,463,54
35,198,22
24,131,12
42,246,27
65,456,58
62,342,43
82,501,54
4,28,4
79,486,30
64,400,30
56,359,40
69,423,33
62,514,43
69,394,28
83,443,26
37,195,21
52,341,43
73,461,52
12,97,9
83,514,38
52,283,20
136,820,105
165,1050,47
62,369,24
44,291,6
67,435,24
142,945,44
45,282,36
58,367,55
43,249,24
42,277,25
27,153,22
108,591,32
26,152,15
55,356,32
47,336,34
110,654,60
41,257,13
47,275,22
42,305,29
103,661,35
27,157,23
30,177,15
161,1036,117
195,1210,145
62,400,48
35,208,27
27,186,23
92,525,50
32,186,27
89,530,51
93,641,43
28,175,26
60,367,30
51,294,33
152,851,45
84,491,38
52,346,28
37,225,22
85,467,29
33,189,24
106,608,67
119,674,37
20,114,16
22,152,20
89,625,64
33,209,17
35,187,12
44,289,26
60,352,30
33,191,24
48,264,16
17,121,16
148,837,48
45,251,37
80,503,32
99,562,37
37,199,17
15,111,13
58,383,32
45,278,24
176,1151,52
73,368,7
33,211,17
41,312,21
88,525,35
67,415,16
23,135,20
66,404,33
94,586,60
174,1045,139
56,317,24
41,290,25
87,479,36
20,124,18
143,839,100
18,122,17
29,171,29
86,516,44
110,691,57
41,266,23
39,234,24
77,481,41
55,311,28
46,305,19
32,184,18
54,319,27
36,203,20
32,171,28
81,498,50
83,448,34
33,211,28
38,217,28
36,187,6
91,516,41
60,376,36
29,158,21
82,503,49
86,554,69
23,149,17
49,261,11
101,628,52
78,443,32
65,400,33
159,1020,120
27,178,21
36,215,25
22,125,13
64,433,44
154,910,91
33,225,15
157,873,58
41,259,38
115,769,50
40,208,18
125,698,32
61,438,13
153,918,84
30,184,27
73,445,44
66,420,54
38,219,16
66,352,25
36,207,13
80,485,53
44,267,30
120,714,62
37,237,20
173,1094,148
72,457,53
47,279,32
48,280,26
51,322,23
19,127,15
46,252,32
110,706,88
44,266,29
100,625,41
157,980,105
71,465,35
79,447,27
33,212,22
68,422,25
72,403,36
91,535,43
162,996,114
42,254,24
39,232,30
70,429,61
30,215,28
76,461,47
57,345,40
81,463,30
48,259,27
57,321,26
81,567,55
105,636,50
37,232,15
43,291,38
105,748,52
46,295,34
38,217,14
81,497,41
43,266,17
44,257,18
54,315,23
172,1026,77
187,1145,126
44,262,34
49,309,38
50,303,21
61,350,28
40,241,28
116,669,58
58,342,28
103,599,56
70,402,56
46,258,26
33,182,26
86,498,36
86,483,35
63,410,36
71,422,25
107,605,48
57,301,24
45,351,29
78,461,28
71,425,37
43,269,25
40,235,25
73,455,47
76,463,50
199,1413,99
34,211,19
58,329,26
56,343,42
109,676,44
78,519,43
85,557,45
43,255,31
54,306,36
96,599,52
63,352,50
94,565,61
61,367,32
35,193,18
117,732,104
103,661,57
46,251,26
70,477,52
49,345,23
174,1084,140
190,1119,89
56,334,24
71,423,48
43,257,22
50,354,26
137,814,64
37,196,15
103,616,37
108,678,34
126,762,65
45,267,25
70,368,42
172,1084,104
47,300,34
29,196,26
69,440,54
7,46,7
62,347,31
125,744,62
112,710,63
104,644,55
22,118,21
62,404,39
71,449,54
26,160,14
34,221,14
92,588,72
94,555,48
72,395,38
50,290,30
72,398,31
44,262,32
48,267,32
79,447,32
140,925,103
86,587,68
115,729,59
36,205,28
62,387,49
99,673,76
47,313,29
34,186,24
36,216,21
68,365,39
98,576,30
39,248,21
174,1013,79
189,1224,154
65,429,32
52,289,31
56,302,17
46,287,29
36,248,25
47,296,27
44,282,42
106,667,61
75,451,42
79,476,56
101,571,81
19,138,15
46,267,18
47,301,33
114,700,66
82,509,38
48,306,25
48,311,38
73,383,25
61,390,37
50,290,23
128,813,79
67,390,41
85,469,33
59,368,28
126,792,96
39,208,23
56,322,17
24,150,11
32,199,13
41,241,34
83,449,32
64,375,16
86,564,28
83,463,26
22,143,22
148,864,85
19,114,10
181,1172,131
169,1102,103
33,195,24
56,337,41
91,584,61
44,295,31
76,493,47
29,174,19
59,364,22
23,167,18
55,332,24
102,620,54
76,461,44
130,791,84
151,1025,42
34,196,23
47,271,24
55,285,23
38,222,20
138,819,53
120,776,30
76,458,20
33,196,13
84,492,35
136,974,98
116,698,81
52,303,29
85,537,56
104,627,65
61,363,37
35,192,24
44,261,27
25,177,21
43,278,36
54,401,28
78,476,43
37,250,17
44,245,27
38,231,29
63,357,32
48,290,32
191,1120,152
43,226,23
41,243,28
65,354,11
38,216,31
23,143,18
28,169,18
141,922,101
48,295,33
66,474,62
61,365,36
41,244,37
129,785,52
150,891,53
62,388,30
53,314,22
55,340,28
74,440,38
41,241,26
43,248,24
190,1167,153
119,661,28
18,97,16
50,303,34
14,84,9
114,697,90
57,385,51
78,456,30
31,185,28
32,177,23
93,536,37
16,103,13
50,289,29
59,398,50
75,448,15
23,132,13
83,501,30
121,729,53
123,742,65
88,506,25
67,432,32
96,635,65
63,347,33
112,688,76
5,25,5
107,623,52
44,238,33
29,178,25
85,523,45
55,351,47
26,147,22
89,521,50
52,376,23
75,463,36
91,563,73
166,1080,89
31,178,27
121,704,55
70,338,19
128,786,52
64,433,30
109,685,48
136,884,68
57,371,25
73,385,43
76,415,35
147,845,60
63,373,51
135,865,97
181,1185,151
60,372,42
63,353,29
160,982,142
57,300,24
100,683,82
131,829,60
40,266,24
66,379,39
36,198,20
157,930,102
104,663,72
79,459,19
20,122,18
54,316,44
63,397,36
62,365,34
43,264,18
144,878,49
63,320,27
88,564,59
80,534,49
49,279,28
135,854,114
42,284,5
56,331,28
66,393,49
93,552,55
97,621,84
106,656,35
88,581,53
83,425,24
36,228,9
33,206,21
84,526,30
43,229,13
28,179,23
54,325,46
92,600,53
58,355,41
72,442,50
28,154,15
65,364,26
70,457,29
47,261,16
44,247,23
42,295,25
115,696,71
52,328,30
28,149,13
66,409,59
135,820,42
93,559,55
22,177,16
126,813,108
56,328,45
161,918,63
51,336,44
153,998,98
124,811,99
166,970,127
58,425,43
65,375,28
40,231,28
123,730,94
82,518,65
52,353,8
142,859,117
47,273,31
72,420,40
63,366,18
65,398,56
24,141,21
43,269,34
152,896,92
34,199,31
106,637,29
32,176,23
62,349,32
46,257,14
144,818,41
59,364,50
81,551,56
114,671,96
31,188,20
123,752,42
40,237,37
52,314,36
26,156,16
152,972,54
56,326,24
96,568,49
61,388,52
81,451,28
37,217,22
51,322,31
184,1175,140
19,108,11
73,466,23
41,226,26
39,236,36
164,1026,124
77,499,54
107,704,89
38,223,27
162,1072,144
17,100,11
119,771,41
70,461,37
74,422,33
44,320,26
141,765,42
69,473,43
100,646,40
60,405,39
76,433,44
90,573,36
71,454,43
39,222,20
40,234,21
35,258,27
92,615,32
121,772,89
54,308,19
37,254,36
123,658,44
70,373,28
49,297,30
61,366,25
59,370,30
66,438,35
108,648,62
68,397,24
76,468,25
105,648,40
36,215,34
35,235,19
56,313,30
59,331,30
51,277,20
27,163,21
149,945,56
73,422,26
44,247,25
51,323,34
34,214,26
42,239,36
78,465,29
33,212,18
57,377,43
123,786,16
131,788,40
46,254,29
47,281,35
58,346,48
57,324,27
105,601,46
44,266,23
66,434,50
103,653,71
100,673,93
18,107,3
85,475,32
67,408,38
59,401,22
167,1111,153
79,487,36
126,783,112
145,900,97
44,271,29
163,1008,98
55,354,34
51,288,32
46,282,22
77,471,27
59,335,30
45,246,21
123,746,59
87,574,68
154,887,59
80,451,42
42,266,31
23,145,15
162,951,49
138,877,78
84,557,43
59,470,58
40,230,24
40,262,35
42,252,34
68,379,35
61,351,53
24,147,13
96,516,50
52,315,39
55,326,34
37,260,26
34,206,28
115,678,35
52,327,21
48,294,47
83,521,49
91,522,31
115,719,92
52,301,30
81,451,25
69,481,48
53,335,27
110,675,31
86,528,32
181,1148,91
37,223,23
22,134,13
32,203,23
29,149,18
54,314,33
168,1020,122
66,388,38
30,181,21
26,169,26
7,44,6
87,503,74
106,745,57
66,396,38
27,156,23
45,196,17
75,513,34
136,847,44
57,333,37
65,410,36
42,268,25
66,415,30
76,492,30
151,933,80
87,554,30
20,110,15
24,155,17
83,534,36
64,379,40
50,301,45
132,786,95
58,363,28
124,833,91
71,373,27
51,310,39
79,536,35
79,446,40
49,314,34
131,777,56
29,170,22
26,147,16
91,688,43
22,128,13
72,457,45
49,282,42
64,405,37
138,800,14
81,494,72
67,391,42
72,394,49
39,256,26
80,431,21
116,683,58
59,321,16
67,362,7
25,145,22
56,362,30
73,416,42
97,534,41
54,330,24
89,507,32
75,479,35
42,249,16
66,377,40
88,491,49
43,240,13
55,354,36
84,486,50
115,707,82
55,347,19
13,78,12
101,557,46
22,138,16
61,421,31
106,581,27
64,375,46
29,204,23
197,1174,138
46,319,30
62,356,32
43,277,26
131,799,68
114,595,35
56,336,35
56,349,51
65,408,29
170,1135,67
88,545,38
56,341,46
88,516,56
39,228,17
172,1057,104
62,345,36
116,636,27
34,225,24
39,241,34
99,614,81
44,263,30
74,473,29
87,524,40
88,591,37
46,273,30
106,666,62
37,213,14
78,466,44
138,934,71
58,308,22
105,597,32
143,904,62
69,431,40
88,595,50
24,163,19
29,161,17
144,890,129
138,979,73
43,263,22
59,400,43
55,330,43
105,668,33
130,840,77
75,449,36
113,749,41
114,806,67
31,198,25
109,711,22
72,427,30
43,287,36
97,575,34
63,410,42
113,731,35
20,113,15
120,696,41
90,492,28
44,256,10
117,761,77
144,886,66
73,440,41
17,82,9
56,326,33
44,265,36
28,163,22
36,197,20
143,838,58
62,382,38
35,198,25
38,216,33
53,331,38
55,319,43
189,1307,162
58,344,32
63,353,36
84,511,38
51,330,28
38,208,13
37,214,33
80,445,35
80,442,31
46,251,22
172,1127,114
68,381,31
58,384,22
15,78,6
80,553,51
24,165,15
18,115,15
96,534,41
127,798,63
42,234,27
31,178,17
31,194,26
25,155,14
20,116,15
37,196,16
78,477,43
26,143,16
62,357,31
47,301,30
26,174,20
169,968,102
68,433,41
49,272,17
28,161,18
113,671,65
45,302,42
107,700,56
93,468,35
23,152,19
31,180,16
96,513,10
33,190,16
45,242,13
60,365,35
73,447,29
72,420,43
64,419,39
82,539,29
80,518,66
50,300,39
68,433,41
123,727,41
37,227,27
46,281,13
26,148,21
95,544,50
64,368,45
21,120,11
48,297,42
74,472,48
122,665,29
76,454,57
61,349,26
31,190,29
104,703,82
185,1111,106
37,216,24
49,282,25
48,289,26
29,163,27
94,573,61
94,506,21
27,168,17
25,145,24
106,677,81
57,321,23
137,757,37
33,203,21
66,423,48
50,315,37
68,411,37
59,338,24
105,630,78
19,97,11
26,159,15
90,556,63
37,216,32
90,518,59
52,344,48
71,445,31
88,542,52
55,340,40
52,319,41
57,319,25
31,164,16
46,288,19
64,463,32
19,97,13
32,206,31
113,759,37
67,416,44
64,400,45
182,1271,58
42,265,13
86,561,43
48,301,39
33,209,19
60,368,41
67,379,48
191,1124,161
71,444,49
139,885,80
59,327,35
76,510,70
76,450,35
183,1248,95
65,432,40
53,307,40
13,76,11
100,640,53
110,716,40
50,365,8
23,143,12
43,249,22
53,316,38
37,214,23
43,258,37
33,202,24
12,90,12
129,834,49
65,378,34
101,534,37
62,347,37
34,203,30
185,1119,117
28,148,11
67,429,33
118,678,45
70,378,35
33,172,16
74,456,33
83,504,28
119,746,63
62,355,46
77,496,38
85,523,28
41,231,28
16,97,15
79,436,34
45,320,9
41,244,22
29,165,21
72,414,54
147,951,34
61,479,43
183,1135,146
77,465,29
77,513,47
128,776,65
91,520,20
29,162,20
21,119,12
98,568,20
74,523,34
199,1231,71
107,653,66
26,150,18
132,788,60
87,491,23
64,395,18
27,173,24
112,648,68
46,305,28
61,346,26
168,1000,105
48,295,34
97,583,33
51,299,35
20,122,18
118,675,60
81,504,53
36,196,22
103,562,49
44,252,32
60,350,34
70,433,24
132,758,60
49,282,31
57,394,45
95,581,68
65,370,23
49,290,28
110,663,42
87,511,45
47,274,21
37,236,35
64,392,44
81,499,31
33,209,30
51,323,43
147,856,61
184,1048,100
47,252,25
15,83,11
57,380,34
131,785,50
51,319,29
132,801,37
37,223,25
27,158,18
52,351,51
49,268,19
31,180,26
63,393,16
28,168,20
62,360,32
71,405,35
100,566,38
86,505,39
90,549,48
63,381,23
95,581,46
41,241,33
83,473,57
34,207,23
29,181,29
39,226,34
81,522,35
50,370,48
186,1180,129
78,480,64
54,292,30
82,547,45
39,245,28
140,823,116
173,1151,68
59,375,49
99,564,48
46,283,33
199,1284,135
46,259,35
48,263,25
34,217,16
40,279,25
29,169,22
98,710,81
57,369,46
43,250,19
60,387,8
43,273,21
109,677,44
82,505,48
66,378,28
166,897,49
83,452,34
106,717,102
57,333,46
133,843,57
16,97,4
48,300,34
52,276,18
139,907,81
30,192,18
41,215,15
153,901,80
74,428,35
14,101,8
137,830,102
135,776,83
61,359,17
73,481,61
43,282,25
61,365,44
59,358,39
37,210,27
87,555,23
70,380,16
40,235,12
34,214,9
41,239,26
71,437,46
55,325,44
125,849,91
78,454,41
137,803,105
68,396,23
60,355,46
80,474,40
40,277,36
105,611,38
126,760,61
74,417,30
44,245,18
63,380,28
59,380,36
37,234,27
116,808,109
57,332,37
39,240,19
155,965,70
54,337,17
54,329,29
59,330,33
99,593,46
99,586,35
29,157,14
46,286,33
78,468,24
23,134,18
85,554,33
90,533,29
102,630,81
26,144,15
53,329,45
53,344,38
45,259,37
153,1011,103
60,380,30
111,708,95
51,306,32
181,1200,157
89,927,89
26,155,20
85,538,75
81,529,27
90,491,28
44,278,32
73,426,49
70,384,32
104,671,81
100,579,58
95,553,67
20,189,5
67,429,49
36,222,25
47,310,34
171,1072,133
65,367,24
20,122,14
154,876,63
21,125,15
58,370,30
126,776,100
104,564,42
62,337,20
56,339,37
43,249,36
101,553,39
65,391,31
44,259,22
32,204,29
33,226,28
90,574,35
62,428,56
68,375,24
28,143,5
39,176,21
60,367,30
56,313,39
62,421,18
75,429,34
104,740,42
123,800,28
179,1187,79
90,546,54
37,197,19
56,317,22
92,529,11
102,682,60
36,203,9
116,631,27
55,355,35
85,539,69
166,968,78
6,47,6
124,767,63
61,372,40
57,364,27
66,413,29
90,593,70
107,622,33
30,218,22
162,885,94
39,241,31
124,782,31
111,701,33
6,36,6
40,265,18
172,1006,129
108,769,45
142,989,69
53,325,36
128,865,102
58,355,32
169,998,116
45,266,22
77,517,26
48,315,25
65,368,39
28,145,12
68,415,62
102,621,51
78,481,34
61,435,11
59,364,45
34,204,27
27,150,14
33,197,22
53,326,29
93,533,43
150,994,47
24,134,21
55,297,33
5,34,3
77,429,36
45,279,35
22,117,15
44,269,30
53,342,21
102,701,41
44,244,33
28,162,17
32,218,23
38,225,23
18,100,16
61,387,29
58,341,24
80,473,23
97,588,27
24,137,15
31,184,24
75,457,43
60,397,27
182,1098,122
49,278,16
70,389,25
97,639,31
46,288,41
45,288,33
47,279,40
56,258,21
63,365,27
71,422,57
69,422,22
69,447,59
27,186,20
156,887,81
133,748,51
5,34,5
118,749,94
131,927,53
88,521,39
43,273,39
76,470,40
61,324,6
42,226,29
36,207,22
65,368,33
66,430,39
44,253,33
35,195,11
28,161,17
128,792,104
54,327,29
111,666,74
107,668,29
47,286,30
97,750,16
153,1031,107
117,660,37
109,591,19
87,531,44
60,361,51
45,244,16
23,155,16
37,227,26
93,565,57
77,453,9
36,220,15
55,326,36
7,46,7
104,589,32
65,393,21
55,326,17
72,446,55
76,481,68
46,274,19
70,427,20
76,492,55
26,183,25
54,310,35
57,332,35
197,1308,146
55,340,43
93,599,36
84,512,67
56,343,38
101,663,91
58,347,25
40,230,28
67,331,27
77,446,65
139,729,40
133,835,52
49,289,28
133,848,103
18,104,14
141,836,63
107,680,74
24,162,24
13,87,8
52,328,42
138,982,92
161,915,58
30,203,15
52,309,32
34,214,27
18,90,6
61,343,22
122,709,86
119,761,62
33,202,13
40,240,32
43,291,32
157,849,48
17,102,6
80,470,54
25,155,18
188,1146,139
42,264,38
54,344,45
55,332,51
72,425,39
45,281,22
102,643,17
89,512,46
100,584,41
35,222,25
29,192,22
60,381,36
43,247,29
93,509,23
31,168,18
22,132,19
80,480,47
183,1123,131
86,466,38
20,132,12
199,1189,158
67,379,23
195,1135,135
60,318,26
59,358,36
86,512,51
27,156,15
148,936,92
60,351,53
72,421,28
29,188,21
161,993,107
68,371,30
46,273,34
37,239,16
75,498,55
59,322,21
29,185,22
87,464,46
7,43,7
41,261,38
57,332,17
58,362,36
40,261,21
50,282,23
42,261,32
168,1195,64
121,721,59
36,221,18
32,199,27
56,367,43
54,326,39
22,127,11
170,1172,59
73,422,30
67,440,35
57,332,29
60,342,23
47,309,32
14,92,13
75,473,48
62,385,50
44,243,15
47,297,39
150,920,132
73,445,43
29,164,17
74,435,46
79,461,19
78,460,34
171,1043,87
60,370,38
31,184,23
16,100,14
71,447,40
76,425,43
6,32,5
26,161,18
47,306,24
175,1111,87
80,584,66
75,425,30
143,903,50
71,422,42
28,196,23
58,321,21
139,805,57
47,269,22
2,10,2
127,769,71
40,213,32
104,608,81
28,153,26
27,178,17
56,333,31
29,193,22
67,392,54
99,611,63
103,663,88
70,400,28
40,212,24
25,168,18
58,351,37
56,319,27
51,300,28
79,469,46
56,347,31
148,928,122
63,364,39
113,750,34
65,376,34
62,357,33
46,268,19
51,356,42
50,318,34
44,262,30
91,563,52
28,159,23
56,357,47
49,322,31
13,72,12
57,331,32
55,351,38
43,247,25
184,1067,101
160,955,79
124,720,48
39,240,30
24,137,19
59,329,23
67,430,56
82,540,51
163,971,44
76,539,30
165,995,54
114,655,60
90,524,34
63,418,27
57,244,10
37,207,19
65,379,39
38,229,25
52,308,36
43,280,27
70,408,27
59,343,25
20,127,20
59,366,49
30,173,12
123,683,45
29,199,16
40,252,31
107,620,46
72,487,55
36,202,22
172,1109,101
173,1145,154
108,598,58
60,340,30
107,669,48
30,179,14
69,391,28
13,61,7
109,648,38
49,291,23
28,160,23
173,1101,130
23,140,21
197,1109,37
77,503,41
11,67,6
32,161,14
62,407,41
197,1175,94
30,178,17
134,946,73
92,651,29
97,642,22
53,302,41
38,223,31
80,492,29
64,359,23
111,709,36
60,379,41
108,701,26
159,1040,66
49,310,32
59,295,14
50,315,33
91,561,51
36,268,31
82,567,45
112,794,105
56,310,25
61,361,31
42,246,33
19,112,13
37,250,36
101,591,34
57,324,35
86,556,54
102,578,54
116,746,90
90,557,70
42,257,31
37,226,24
55,338,29
54,358,49
31,184,29
63,397,56
15,88,10
113,695,49
73,443,32
33,207,15
47,274,9
70,390,44
186,1208,132
72,444,31
48,292,32
97,535,54
35,214,26
111,721,62
58,326,31
166,1054,108
43,243,29
51,313,24
123,763,62
79,547,35
135,825,120
26,146,14
47,271,17
173,1047,55
77,476,47
180,1113,126
61,382,34
28,181,28
126,763,94
30,192,29
147,860,83
77,408,28
50,290,39
53,300,28
19,117,17
66,435,64
49,276,32
161,987,113
72,450,40
63,405,41
52,340,29
109,723,48
21,122,21
36,212,19
159,961,102
103,674,49
55,328,14
102,583,52
139,804,81
37,208,24
112,735,103
79,506,29
63,380,42
67,427,52
34,201,20
22,110,11
73,411,22
31,195,30
58,352,39
49,291,27
34,200,16
37,208,17
55,294,27
34,196,26
43,262,31
58,331,28
83,492,45
8,47,7
51,339,24
69,418,37
30,171,11
32,186,19
61,367,33
45,235,17
22,109,1
99,670,54
106,669,60
68,386,33
86,511,37
61,350,29
99,567,49
62,354,22
54,318,34
56,334,39
87,541,20
46,311,27
133,737,25
35,196,25
30,176,15
14,96,10
45,294,18
151,933,89
184,1125,112
44,290,34
160,1006,69
95,569,32
60,348,48
32,190,27
176,1114,127
132,870,112
50,296,36
25,164,18
27,174,25
79,500,52
162,940,65
44,215,17
32,185,19
20,139,10
174,1022,79
58,324,29
80,432,38
23,141,11
94,571,33
105,691,76
31,176,28
72,472,28
59,370,28
31,184,27
56,404,36
62,401,50
46,270,14
56,367,35
49,346,36
55,366,37
82,447,35
17,95,13
50,352,47
44,251,19
41,280,38
199,1231,163
71,428,28
24,145,15
130,752,48
195,1202,145
19,121,17
79,494,60
16,80,10
66,453,48
54,337,29
16,96,13
87,594,27
36,191,13
47,260,20
35,220,34
173,1139,145
93,591,79
151,926,120
90,541,50
149,864,65
92,554,84
13,84,13
122,755,68
116,709,87
49,280,28
97,624,53
57,389,34
52,283,35
54,357,37
65,404,23
41,265,20
23,137,19
18,101,14
52,279,24
47,269,26
100,610,44
29,213,23
105,701,40
37,233,17
53,294,24
48,280,13
82,628,59
20,117,13
37,233,31
44,258,25
39,217,15
108,680,28
58,347,29
139,820,97
26,141,24
4,20,4
113,692,42
72,427,43
27,194,12
46,299,23
53,321,49
111,677,82
79,495,47
58,375,26
36,247,24
175,1099,139
53,319,19
80,536,34
67,384,21
46,266,25
59,336,26
75,467,65
166,1151,129
142,969,116
104,601,44
68,445,26
53,319,33
91,536,46
54,317,19
60,382,23
67,498,41
47,268,31
87,602,74
96,561,48
118,676,41
42,264,30
90,546,43
77,505,39
25,132,15
154,1049,116
87,554,41
53,326,22
42,223,14
53,329,30
34,184,21
76,455,37
85,502,34
36,217,13
44,247,31
70,409,47
23,135,18
68,408,31
83,502,70
86,482,34
37,268,15
43,256,35
172,1067,133
157,917,71
66,382,42
102,592,54
51,322,30
175,1227,154
76,455,48
124,827,82
61,378,24
58,376,27
79,486,41
61,338,34
89,553,55
29,156,18
154,944,58
91,596,50
37,201,31
48,290,29
37,205,22
29,168,25
41,275,21
119,711,94
71,513,29
25,154,19
46,302,20
59,439,40
31,177,19
66,379,33
28,167,20
80,533,58
44,254,24
100,647,82
42,297,36
36,220,24
71,427,15
87,584,62
75,419,40
56,346,44
25,176,24
69,456,51
74,484,69
26,162,17
58,327,20
76,447,29
59,398,45
173,1184,114
154,916,101
132,870,90
67,451,26
67,431,57
50,309,41
56,358,54
60,354,25
157,978,116
24,126,18
79,436,24
94,688,36
45,272,29
35,252,35
138,852,60
61,369,40
24,143,11
63,355,33
93,552,42
57,300,21
48,291,21
49,265,27
121,784,102
41,252,21
68,409,38
32,190,15
114,765,57
39,222,33
69,403,27
44,258,26
40,221,29
81,523,39
54,336,47
164,1082,67
44,239,17
45,242,21
86,550,34
38,218,35
180,1144,138
54,344,16
84,462,32
162,964,92
39,265,34
83,551,67
88,698,40
115,661,59
90,496,34
33,200,27
180,1075,118
181,1159,86
143,852,77
132,803,29
55,310,38
47,306,25
40,225,31
47,248,17
67,404,39
125,767,43
24,142,22
91,536,45
199,1231,68
176,1011,66
32,194,30
73,400,37
170,946,77
57,320,36
80,520,35
39,243,12
134,829,48
82,517,48
44,220,9
118,734,54
49,265,24
178,1165,152
20,113,16
71,457,16
94,578,82
36,218,31
83,447,21
45,226,13
49,316,32
54,307,36
57,352,29
50,296,26
39,247,17
41,251,19
73,471,42
37,207,19
187,1100,126
106,712,62
100,615,26
28,162,26
98,574,38
170,994,126
54,333,23
65,391,48
101,651,46
52,331,27
66,398,29
180,1040,132
46,276,29
27,199,16
97,582,62
143,812,41
14,76,5
51,284,26
116,711,54
52,371,30
38,224,27
108,641,75
69,407,36
36,232,26
80,534,68
81,477,26
155,988,37
42,266,29
82,436,29
84,514,70
39,245,31
22,120,21
29,202,24
143,897,106
76,510,47
164,1020,95
44,268,24
20,140,18
68,401,51
72,413,26
53,301,32
55,343,26
92,537,37
43,267,26
105,649,72
39,219,29
38,210,28
126,819,47
29,175,19
26,158,17
46,251,32
51,328,22
57,324,35
48,294,24
90,540,35
27,152,21
62,380,32
95,561,29
71,383,32
197,1102,92
164,1127,109
63,338,27
69,439,29
55,346,45
135,1022,73
40,218,25
49,324,30
63,512,60
72,467,46
118,739,61
22,154,13
50,296,38
112,695,57
120,683,57
69,393,32
76,444,14
63,422,34
29,171,21
46,276,22
22,129,11
36,198,31
29,176,25
52,354,32
50,340,35
72,446,59
26,168,21
51,303,34
108,666,69
46,247,16
33,229,21
51,326,23
119,748,86
52,330,30
106,647,68
49,293,26
23,163,10
19,111,9
104,655,80
108,712,38
186,1206,132
50,285,13
42,237,28
41,229,28
59,392,24
135,784,90
19,117,12
3,14,1
16,102,12
146,905,110
39,225,27
14,84,13
52,293,21
63,378,45
28,162,13
148,939,106
44,258,27
62,361,35
133,943,40
110,640,50
44,291,16
197,1262,156
45,269,34
39,267,28
75,430,40
97,632,49
78,457,43
16,97,8
74,417,39
51,329,23
147,865,54
194,1200,115
117,643,41
60,345,33
78,521,35
40,217,31
85,490,34
48,288,31
72,456,53
54,317,40
1,6,1
28,189,24
62,381,50
140,838,89
142,808,31
30,168,21
48,289,44
173,1018,48
47,259,22
132,788,50
81,504,42
75,454,44
24,174,24
46,302,29
69,442,59
90,586,50
186,1277,168
196,1224,141
160,987,123
60,384,39
47,262,37
56,362,34
37,221,33
74,424,25
59,331,25
58,363,41
128,773,106
43,300,19
36,221,17
22,134,18
28,163,20
100,649,42
8,50,3
148,823,76
11,79,11
103,696,52
58,344,21
53,301,32
46,261,32
40,260,33
28,160,16
44,253,24
27,199,24
123,764,45
45,281,32
122,793,89
37,225,22
146,981,54
49,298,26
59,393,45
150,951,29
121,713,43
110,763,92
76,465,32
52,313,34
36,219,26
18,97,2
73,516,38
106,563,34
103,576,42
50,295,18
47,278,30
88,508,55
36,228,26
63,380,39
85,516,27
96,567,39
19,135,11
25,153,25
32,224,29
100,622,96
73,483,38
33,249,26
62,379,35
34,190,20
71,389,33
25,100,3
182,1089,79
60,346,38
47,266,26
199,1214,138
172,1062,157
64,377,30
193,1270,150
28,156,18
48,260,24
83,508,65
51,288,34
25,112,12
51,336,39
53,329,40
148,867,70
76,482,39
68,413,40
64,383,24
30,161,9
57,392,36
55,335,35
56,376,44
80,491,57
16,102,7
38,222,30
30,241,26
61,449,28
104,643,46
77,505,55
73,427,56
75,482,49
23,140,17
26,161,13
45,296,21
138,834,56
52,323,27
18,110,17
25,129,14
53,300,47
27,161,21
54,320,29
42,260,32
112,625,33
89,514,41
34,199,8
95,548,48
61,412,43
32,194,20
103,640,58
60,346,37
47,279,30
118,708,65
79,459,40
94,601,42
45,283,32
48,303,43
101,620,82
33,187,26
36,236,24
46,266,32
76,535,38
89,540,45
28,161,16
68,413,57
71,433,52
30,204,29
78,506,69
24,162,22
41,308,10
65,401,42
61,359,34
58,304,30
23,140,14
97,535,34
63,354,50
66,415,57
67,376,22
53,335,29
74,507,57
22,141,14
52,291,21
79,415,27
34,202,19
40,251,32
119,679,29
68,385,33
105,686,24
42,246,20
56,297,27
199,1279,79
44,248,32
152,858,50
29,163,24
22,120,17
39,237,22
107,594,27
102,636,65
32,182,27
35,238,31
36,229,33
119,667,67
62,437,24
186,1164,143
60,438,29
115,646,65
27,175,17
31,185,23
97,643,11
92,574,48
149,836,49
98,562,44
56,327,21
23,136,12
80,495,49
69,429,47
78,480,52
36,233,31
34,208,29
95,539,41
89,539,40
170,1129,102
73,439,31
56,308,27
56,334,32
38,221,22
47,248,23
83,493,45
54,326,46
91,557,34
175,989,89
54,342,30
60,329,25
114,684,88
102,707,49
72,450,36
53,442,35
92,610,81
37,226,31
23,122,17
107,667,60
46,276,13
36,240,27
74,444,48
178,1155,113
28,154,20
44,282,26
41,252,14
70,426,41
58,326,30
80,430,33
45,253,30
64,399,29
105,631,34
73,432,25
40,242,21
97,531,42
73,419,49
102,513,21
172,1159,135
30,177,14
26,164,12
40,255,35
71,399,41
176,1453,151
58,370,28
40,233,17
55,329,48
56,336,33
30,182,24
81,481,27
34,184,19
104,555,41
49,286,23
108,701,36
72,413,32
86,596,55
148,875,107
21,114,19
22,150,16
132,865,89
51,297,24
65,395,31
100,572,67
29,155,11
33,182,19
64,405,34
59,385,14
54,305,37
32,165,11
152,913,74
114,656,50
50,336,33
61,359,35
43,293,24
68,407,42
98,551,40
130,797,60
105,553,37
30,148,11
87,471,30
44,253,33
37,224,29
73,390,25
92,554,44
83,459,32
35,219,29
77,454,40
43,267,33
71,451,64
46,299,43
68,424,51
40,230,20
157,961,43
69,387,34
25,149,17
103,677,39
17,112,12
56,321,37
81,484,41
107,682,33
156,1003,62
26,165,21
54,298,38
47,296,34
104,624,50
70,433,24
107,626,42
138,797,78
161,960,132
44,247,38
38,216,14
100,677,91
49,277,45
165,981,109
31,201,17
87,542,57
75,486,43
91,511,51
121,690,38
98,661,78
185,1164,123
151,915,107
24,145,20
3,21,3
70,439,33
77,527,71
94,581,63
99,606,38
2,9,1
70,394,33
169,910,42
40,277,31
72,447,36
55,318,23
72,464,40
51,288,48
23,169,14
52,308,33
85,542,56
27,144,23
109,647,65
74,413,22
53,316,36
79,499,52
75,519,48
18,103,14
101,582,38
115,772,82
35,204,25
71,449,55
131,716,45
85,458,50
47,283,39
49,329,29
116,617,37
93,584,35
114,667,38
69,536,13
65,383,36
27,181,26
61,370,29
71,427,43
56,335,30
42,241,22
171,1153,73
125,747,91
93,568,56
43,241,28
75,453,44
28,170,11
96,567,47
56,337,30
48,331,23
11,67,11
45,269,36
196,1294,153
157,939,106
54,323,30
162,980,106
49,259,20
55,370,39
73,484,44
50,288,32
51,290,34
54,371,45
110,703,92
99,654,80
41,222,33
83,531,61
75,421,39
47,308,43
111,657,42
47,315,18
48,272,30
88,530,67
86,617,52
36,206,28
53,293,29
84,520,51
84,511,53
104,648,54
168,1062,138
13,96,10
44,257,37
28,191,20
54,318,33
133,840,36
47,279,29
109,676,62
66,362,19
29,183,17
120,738,57
62,373,34
160,907,98
66,379,31
137,829,60
122,1012,45
65,367,37
68,377,26
63,399,31
63,265,18
24,152,17
40,257,19
39,237,34
16,97,10
59,387,50
80,580,69
26,164,22
47,300,28
34,199,27
181,1158,139
109,734,88
69,438,40
56,304,45
132,829,41
46,277,31
79,442,36
183,1158,148
48,281,28
59,324,31
26,154,19
117,629,43
40,243,26
50,293,25
21,158,20
90,530,49
58,342,47
69,407,33
39,284,21
36,249,28
105,650,70
66,432,36
39,243,30
66,411,49
72,414,42
151,964,106
144,909,90
94,531,39
50,277,19
163,1057,66
75,417,33
73,415,34
61,383,35
52,385,32
43,269,32
162,942,73
39,203,23
187,1104,136
76,490,67
112,730,45
33,209,27
37,211,20
39,233,15
71,442,47
69,440,8
48,309,29
121,1046,57
31,245,19
64,374,19
61,366,48
97,520,21
25,150,20
184,1072,92
52,287,23
18,101,10
22,119,12
198,1253,135
58,352,33
46,248,26
81,475,39
58,369,24
184,1047,56
15,74,3
19,145,17
130,814,91
87,546,25
163,932,47
48,336,48
69,406,46
49,299,26
61,408,54
29,168,11
86,475,47
38,218,21
30,224,26
71,447,54
59,363,39
156,1002,75
36,198,19
34,197,20
58,359,35
48,295,35
118,674,56
34,231,12
38,247,19
74,481,34
47,305,26
62,311,25
109,622,39
80,483,72
146,869,115
73,421,22
21,130,16
71,462,47
67,360,32
60,418,53
33,168,10
85,462,37
85,487,23
58,339,36
105,689,83
38,231,18
36,210,21
31,208,15
67,535,39
128,673,24
69,471,25
39,249,31
57,337,35
197,1160,113
74,455,41
114,644,27
40,230,30
88,498,31
110,639,83
26,153,20
194,1124,92
63,377,24
71,394,33
33,212,9
29,185,28
59,336,26
56,338,42
68,400,48
51,317,26
48,291,23
20,145,12
99,645,50
48,290,23
79,467,31
48,315,33
43,224,18
8,48,8
78,450,49
77,455,24
84,510,39
63,392,40
80,532,30
73,503,36
74,459,40
129,806,42
68,422,38
42,275,35
76,480,38
31,185,21
45,256,30
53,375,35
18,105,11
83,486,52
149,909,32
76,458,28
54,325,36
194,1233,89
168,1032,113
44,247,21
125,718,41
57,390,51
105,628,61
55,361,48
96,542,50
21,127,16
78,437,10
39,251,19
146,939,117
41,249,28
102,613,39
103,612,30
98,633,35
78,454,34
20,149,16
66,404,35
53,290,26
45,341,27
72,474,30
86,511,17
166,1250,143
54,312,46
24,146,21
186,1214,125
46,285,23
38,205,21
93,538,33
45,273,23
56,363,36
54,300,33
90,526,43
126,722,41
99,567,43
134,839,53
67,427,56
